location,location_link
Abu Hail,https://www.elgrocer.com/stores/dubai/abu-hail
Al Bada'a,https://www.elgrocer.com/stores/dubai/al-bada-a
Al Baraha Muteena ,https://www.elgrocer.com/stores/dubai/al-baraha-muteena
Al Barsha 1 ,https://www.elgrocer.com/stores/dubai/al-barsha-1
Al Barsha 2,https://www.elgrocer.com/stores/dubai/al-barsha-2
Al Barsha 3,https://www.elgrocer.com/stores/dubai/al-barsha-3
Al Barsha South 1,https://www.elgrocer.com/stores/dubai/al-barsha-south-1
Al Barsha South 2,https://www.elgrocer.com/stores/dubai/al-barsha-south-2
Al Barsha South 3,https://www.elgrocer.com/stores/dubai/al-barsha-south-3
Al Garhoud,https://www.elgrocer.com/stores/dubai/al-garhoud
Al Jafiliya,https://www.elgrocer.com/stores/dubai/al-jafiliya
Al Karama,https://www.elgrocer.com/stores/dubai/al-karama
Al Khabaisi,https://www.elgrocer.com/stores/dubai/al-khabaisi
Al Manara,https://www.elgrocer.com/stores/dubai/al-manara
Al Mizhar,https://www.elgrocer.com/stores/dubai/al-mizhar
Al Muraqqabat,https://www.elgrocer.com/stores/dubai/al-muraqqabat
Al Murar,https://www.elgrocer.com/stores/dubai/al-murar
Al Nahda 1,https://www.elgrocer.com/stores/dubai/al-nahda-1
Al Nahda 2,https://www.elgrocer.com/stores/dubai/al-nahda-2
Al Quoz,https://www.elgrocer.com/stores/dubai/al-quoz
Al Quoz 1,https://www.elgrocer.com/stores/dubai/al-quoz-1
Al Quoz 2,https://www.elgrocer.com/stores/dubai/al-quoz-2
Al Quoz 3,https://www.elgrocer.com/stores/dubai/al-quoz-3
Al Quoz 4,https://www.elgrocer.com/stores/dubai/al-quoz-4
Al Quoz Industrial Area 1,https://www.elgrocer.com/stores/dubai/al-quoz-industrial-area-1
Al Quoz Industrial Area 2,https://www.elgrocer.com/stores/dubai/al-quoz-industrial-area-2
Al Quoz Industrial Area 3,https://www.elgrocer.com/stores/dubai/al-quoz-industrial-area-3
Al Quoz Industrial Area 4,https://www.elgrocer.com/stores/dubai/al-quoz-industrial-area-4
Al Qusais 1,https://www.elgrocer.com/stores/dubai/al-qusais-1
Al Qusais 2,https://www.elgrocer.com/stores/dubai/al-qusais-2
Al Rigga ,https://www.elgrocer.com/stores/dubai/al-rigga
Al Safa,https://www.elgrocer.com/stores/dubai/al-safa
Al Safa 1 ,https://www.elgrocer.com/stores/dubai/al-safa-1
Al Safa 2,https://www.elgrocer.com/stores/dubai/al-safa-2
Al Satwa,https://www.elgrocer.com/stores/dubai/al-satwa
Al Sufouh,https://www.elgrocer.com/stores/dubai/al-sufouh
Al Sufouh 1,https://www.elgrocer.com/stores/dubai/al-sufouh-1
Al Sufouh 2,https://www.elgrocer.com/stores/dubai/al-sufouh-2
Al Twar 1,https://www.elgrocer.com/stores/dubai/al-twar-1
Al Twar 2,https://www.elgrocer.com/stores/dubai/al-twar-2
Al Waheda,https://www.elgrocer.com/stores/dubai/al-waheda
Al Warqa,https://www.elgrocer.com/stores/dubai/al-warqa
Al Wasl,https://www.elgrocer.com/stores/dubai/al-wasl
Arabian Ranches,https://www.elgrocer.com/stores/dubai/arabian-ranches
Barsha1,https://www.elgrocer.com/stores/dubai/barsha1
Barsha 2,https://www.elgrocer.com/stores/dubai/barsha-2
Barsha 3,https://www.elgrocer.com/stores/dubai/barsha-3
Barsha Heights,https://www.elgrocer.com/stores/dubai/barsha-heights
Barsha South,https://www.elgrocer.com/stores/dubai/barsha-south
Bur Dubai,https://www.elgrocer.com/stores/dubai/bur-dubai
Business Bay,https://www.elgrocer.com/stores/dubai/business-bay
Deira,https://www.elgrocer.com/stores/dubai/deira
DIFC,https://www.elgrocer.com/stores/dubai/difc
Discovery Gardens,https://www.elgrocer.com/stores/dubai/discovery-gardens
Downtown Burj Khalifa,https://www.elgrocer.com/stores/dubai/downtown-burj-khalifa
Downtown Dubai,https://www.elgrocer.com/stores/dubai/downtown-dubai
Dubai Festival City,https://www.elgrocer.com/stores/dubai/dubai-festival-city
Dubai Internet City,https://www.elgrocer.com/stores/dubai/dubai-internet-city
Dubai Marina ,https://www.elgrocer.com/stores/dubai/dubai-marina
Dubai Motor City,https://www.elgrocer.com/stores/dubai/dubai-motor-city
Dubai Silicon Oasis,https://www.elgrocer.com/stores/dubai/dubai-silicon-oasis
Dubai Sports City,https://www.elgrocer.com/stores/dubai/dubai-sports-city
Dubai Studio City,https://www.elgrocer.com/stores/dubai/dubai-studio-city
Dubai World Trade Centre,https://www.elgrocer.com/stores/dubai/dubai-world-trade-centre
DWC - Al Maktoum International Airport,https://www.elgrocer.com/stores/dubai/dwc-al-maktoum-international-airport
Emirates Hills,https://www.elgrocer.com/stores/dubai/emirates-hills
Festival City,https://www.elgrocer.com/stores/dubai/festival-city
Furjan,https://www.elgrocer.com/stores/dubai/furjan
Green Community East,https://www.elgrocer.com/stores/dubai/green-community-east
Hor Al Anz East,https://www.elgrocer.com/stores/dubai/hor-al-anz-east
JBR,https://www.elgrocer.com/stores/dubai/jbr
JLT,https://www.elgrocer.com/stores/dubai/jlt
Jumeirah,https://www.elgrocer.com/stores/dubai/jumeirah
Jumeirah 1,https://www.elgrocer.com/stores/dubai/jumeirah-1
Jumeirah 2,https://www.elgrocer.com/stores/dubai/jumeirah-2
Jumeirah 3,https://www.elgrocer.com/stores/dubai/jumeirah-3
Jumeirah Beach Residences (JBR),https://www.elgrocer.com/stores/dubai/jumeirah-beach-residences-jbr
Jumeirah Islands,https://www.elgrocer.com/stores/dubai/jumeirah-islands
Jumeirah Lakes Towers (JLT),https://www.elgrocer.com/stores/dubai/jumeirah-lakes-towers-jlt
Jumeirah Park,https://www.elgrocer.com/stores/dubai/jumeirah-park
Jumeirah Village Circle,https://www.elgrocer.com/stores/dubai/jumeirah-village-circle
Jumeirah Village Triangle,https://www.elgrocer.com/stores/dubai/jumeirah-village-triangle-234
Jumeirah Village Triangle ,https://www.elgrocer.com/stores/dubai/jumeirah-village-triangle
Khawaneej,https://www.elgrocer.com/stores/dubai/khawaneej
Layan Community,https://www.elgrocer.com/stores/dubai/layan-community
Marina,https://www.elgrocer.com/stores/dubai/marina
Meadows,https://www.elgrocer.com/stores/dubai/meadows
Mirdif,https://www.elgrocer.com/stores/dubai/mirdif
Mizhar,https://www.elgrocer.com/stores/dubai/mizhar
Motor City,https://www.elgrocer.com/stores/dubai/motor-city
Muhaisnah,https://www.elgrocer.com/stores/dubai/muhaisnah-255
Nad al hamar,https://www.elgrocer.com/stores/dubai/nad-al-hamar
Nad Al Hammar,https://www.elgrocer.com/stores/dubai/nad-al-hammar
Nad Al Sheba,https://www.elgrocer.com/stores/dubai/nad-al-sheba
Rashidiya,https://www.elgrocer.com/stores/dubai/rashidiya
Sheikh Zayed Road - DIFC side,https://www.elgrocer.com/stores/dubai/sheikh-zayed-road-difc-side
Sheikh Zayed Road - Satwa side,https://www.elgrocer.com/stores/dubai/sheikh-zayed-road-satwa-side
Silicon Oasis,https://www.elgrocer.com/stores/dubai/silicon-oasis
Sports City,https://www.elgrocer.com/stores/dubai/sports-city
Springs,https://www.elgrocer.com/stores/dubai/springs
Sufouh,https://www.elgrocer.com/stores/dubai/sufouh
Tecom,https://www.elgrocer.com/stores/dubai/tecom-236
TECOM,https://www.elgrocer.com/stores/dubai/tecom
The Gardens,https://www.elgrocer.com/stores/dubai/the-gardens
The Greens,https://www.elgrocer.com/stores/dubai/the-greens
The lakes,https://www.elgrocer.com/stores/dubai/the-lakes-235
The Lakes,https://www.elgrocer.com/stores/dubai/the-lakes
The Palm Deira,https://www.elgrocer.com/stores/dubai/the-palm-deira
The Palm Jumeirah ,https://www.elgrocer.com/stores/dubai/the-palm-jumeirah
The Views,https://www.elgrocer.com/stores/dubai/the-views
Umm Ramool,https://www.elgrocer.com/stores/dubai/umm-ramool
Umm Suqeim,https://www.elgrocer.com/stores/dubai/umm-suqeim
Umm Suqeim 1,https://www.elgrocer.com/stores/dubai/umm-suqeim-1
Umm Suqeim 2,https://www.elgrocer.com/stores/dubai/umm-suqeim-2
Umm Suqeim 3,https://www.elgrocer.com/stores/dubai/umm-suqeim-3
Wadi Alamardi,https://www.elgrocer.com/stores/dubai/wadi-alamardi
Abu Dhabi,https://www.elgrocer.com/stores/abu-dhabi/abu-dhabi
Al Falah,https://www.elgrocer.com/stores/abu-dhabi/al-falah
Dubai,https://www.elgrocer.com/stores/abu-dhabi/dubai
Electra Street,https://www.elgrocer.com/stores/abu-dhabi/electra-street
Khalidiya,https://www.elgrocer.com/stores/abu-dhabi/khalidiya
Khalifa City,https://www.elgrocer.com/stores/abu-dhabi/khalifa-city
Reem island,https://www.elgrocer.com/stores/abu-dhabi/reem-island-283
Jurf,https://www.elgrocer.com/stores/ajman/jurf
Rumailah,https://www.elgrocer.com/stores/ajman/rumailah
Al Dhaid,https://www.elgrocer.com/stores/sharjah/al-dhaid
Al Nahda,https://www.elgrocer.com/stores/sharjah/al-nahda
Al Nekhailat,https://www.elgrocer.com/stores/sharjah/al-nekhailat
Muwaillah,https://www.elgrocer.com/stores/sharjah/muwaillah
Waha,https://www.elgrocer.com/stores/sharjah/waha
Al Ain,https://www.elgrocer.com/stores/al-ain/al-ain
